{
  "colsample_bytree": 0.8394633936788146,
  "learning_rate": 0.22648248189516848,
  "max_depth": 6,
  "min_child_weight": 0.20513382630874505,
  "n_estimators": 302,
  "reg_alpha": 1.23583827723069e-07,
  "reg_lambda": 0.014936568554617643,
  "subsample": 0.892797576724562
}