{
  "colsample_bytree": 0.8691173533906416,
  "learning_rate": 0.002815070771668111,
  "max_depth": 8,
  "min_child_weight": 2.0283139059482638,
  "n_estimators": 555,
  "reg_alpha": 4.80036948920235e-06,
  "reg_lambda": 1.0178772483723928,
  "subsample": 0.7765487989776441
}