{
  "colsample_bytree": 0.6812244898939077,
  "learning_rate": 0.031420647964844825,
  "max_depth": 9,
  "min_child_weight": 7.686119654652776,
  "n_estimators": 684,
  "reg_alpha": 0.00015561743956491703,
  "reg_lambda": 1.2143805397783975,
  "subsample": 0.8159364365206693
}