{
  "colsample_bytree": 0.920423234636798,
  "learning_rate": 0.09641301570913202,
  "max_depth": 8,
  "min_child_weight": 0.12118139444034262,
  "n_estimators": 240,
  "reg_alpha": 0.002433352933474318,
  "reg_lambda": 0.010221469810412713,
  "subsample": 0.7820821140838299
}