{
  "colsample_bytree": 0.9363690409179507,
  "learning_rate": 0.0033959899344593062,
  "max_depth": 10,
  "min_child_weight": 3.2999697502474348,
  "n_estimators": 228,
  "reg_alpha": 7.879935860250469e-08,
  "reg_lambda": 0.013311642635738894,
  "subsample": 0.6862229552853453
}