{
  "colsample_bytree": 0.9586320455614753,
  "learning_rate": 0.017282220032676595,
  "max_depth": 5,
  "min_child_weight": 0.9209968619749433,
  "n_estimators": 389,
  "reg_alpha": 0.008620040701228016,
  "reg_lambda": 0.06761419018093344,
  "subsample": 0.920819876120645
}